{
    "r2_score": 0.7326730478982134,
    "MSE": 95.62205354995548,
    "MAE": 7.86052001627951,
    "step": 0
}
