{
    "r2_score": 0.7326453667036752,
    "MSE": 95.63195503069153,
    "MAE": 7.861239454456369,
    "step": 0
}
